Shorter Maturity (weeks),Shorter CEY (%),Longer Maturity (weeks),Longer CEY (%),Break-Even Implied Forward Yield (%)
4,3.96,6,3.99,3.9872
4,3.96,8,4.06,4.0542
6,3.99,8,4.06,4.0571
4,3.96,13,4.1,4.0856
6,3.99,13,4.1,4.0886
8,4.06,13,4.1,4.0915
4,3.96,17,4.19,4.1689
6,3.99,17,4.19,4.172
8,4.06,17,4.19,4.175
13,4.1,17,4.19,4.1838
4,3.96,26,4.28,4.242
6,3.99,26,4.28,4.2452
8,4.06,26,4.28,4.2484
13,4.1,26,4.28,4.2575
17,4.19,26,4.28,4.2639
4,3.96,52,4.44,4.352
6,3.99,52,4.44,4.3554
8,4.06,52,4.44,4.3587
13,4.1,52,4.44,4.3683
17,4.19,52,4.44,4.375
26,4.28,52,4.44,4.392
